<documentmapping>
	<zaaktype matchfield="code" matchvalue="B1026">
		<document matchfield="bestandsnaam" matchvalue="Minimaregelingen en kindpakket.pdf">
			<titel>Aanvraagformulier Minimaregelingen en kindpakket</titel>
      <vertrouwelijkheid>Vertrouwelijk</vertrouwelijkheid>
      <type>Fomulier</type>
		</document>
		<!--catch all document-->
		<document>
			<!-- <titel>Bijlagen/Bewijsstukken</titel> -->
      <vertrouwelijkheid>Vertrouwelijk</vertrouwelijkheid>
      <type>Overige</type>
		</document>
	</zaaktype>

	<!--catch all zaaktype-->
	<zaaktype>
		<document matchfield="bestandsnaam" matchvalue="vertrouwelijk">
			<vertrouwelijkheid>Vertrouwelijk</vertrouwelijkheid>
			<type>Overig stuk intern</type>
		</document>
		<document>
			<vertrouwelijkheid>Intern</vertrouwelijkheid>
			<type>Overige</type>
		</document>
	</zaaktype>
</documentmapping>